{
  "project_info": {
    "project_number": "398279274639",
    "project_id": "melikeakturk-12fc6",
    "storage_bucket": "melikeakturk-12fc6.firebasestorage.app"
  },
  "client": [
    {
      "client_info": {
        "mobilesdk_app_id": "1:398279274639:android:462b43e4aaf1d4896980fa",
        "android_client_info": {
          "package_name": "com.example.a02220201009_melikeakturk"
        }
      },
      "oauth_client": [],
      "api_key": [
        {
          "current_key": "AIzaSyAxF0jWRIF-anAZeWUmS1MSaFYI9n1rWjo"
        }
      ],
      "services": {
        "appinvite_service": {
          "other_platform_oauth_client": []
        }
      }
    }
  ],
  "configuration_version": "1"
}